{"cameraMode":{"drawMode":0,"name":"Shaded","section":"Shading Mode"},"sceneLighting":true,"audioPlay":false,"sceneViewState":{"m_AlwaysRefresh":false,"showFog":true,"showSkybox":true,"showFlares":true,"showImageEffects":true,"showParticleSystems":true,"showVisualEffectGraphs":true,"m_FxEnabled":true},"in2DMode":false,"pivot":{"x":0.269057959318161,"y":0.4019280970096588,"z":0.28721341490745547},"rotation":{"x":-0.08435891568660736,"y":0.9071570038795471,"z":-0.34924590587615969,"w":-0.2191123366355896},"size":3.3565075397491457,"orthographic":true}