{"cameraMode":{"drawMode":0,"name":"Shaded","section":"Shading Mode"},"sceneLighting":true,"audioPlay":false,"sceneViewState":{"m_AlwaysRefresh":false,"showFog":true,"showSkybox":true,"showFlares":true,"showImageEffects":true,"showParticleSystems":true,"showVisualEffectGraphs":true,"m_FxEnabled":true},"in2DMode":false,"pivot":{"x":-0.00010526180267333984,"y":0.07366809248924256,"z":-2.9802322387695315e-8},"rotation":{"x":-0.060487911105155948,"y":0.9325010180473328,"z":-0.3038550317287445,"w":-0.18563184142112733},"size":4.483856678009033,"orthographic":true}